<?xml version="1.0" encoding="UTF-8" standalone="no"?><terminal id="3" type="TelephoneBank">
  <server ip="127.0.0.1" port="8080"/>
  <outlog path="term3.log"/>

  <transactions>

    <transaction amount="3,000" deposit="13" id="0" type="deposit"/>
    <transaction amount="3,000" deposit="13" id="1" type="withdraw"/>
    <transaction amount="3,000" deposit="13" id="2" type="deposit"/>
    <transaction amount="3,000" deposit="13" id="3" type="withdraw"/>
    <transaction amount="3,000" deposit="13" id="4" type="deposit"/>
    <transaction amount="3,000" deposit="13" id="5" type="withdraw"/>
    <transaction amount="3,000" deposit="13" id="6" type="deposit"/>
    <transaction amount="3,000" deposit="13" id="7" type="withdraw"/>
    <transaction amount="3,000" deposit="13" id="8" type="deposit"/>
    <transaction amount="3,000" deposit="13" id="9" type="withdraw"/>
    <transaction amount="3,000" deposit="13" id="10" type="deposit"/>
    <transaction amount="3,000" deposit="13" id="11" type="withdraw"/>
    <transaction amount="3,000" deposit="13" id="12" type="deposit"/>
    <transaction amount="3,000" deposit="13" id="13" type="withdraw"/>
    <transaction amount="3,000" deposit="13" id="14" type="deposit"/>
    <transaction amount="3,000" deposit="13" id="15" type="withdraw"/>
    <transaction amount="3,000" deposit="13" id="16" type="deposit"/>
    <transaction amount="3,000" deposit="13" id="17" type="withdraw"/>
    <transaction amount="3,000" deposit="13" id="0" type="deposit"/>
    <transaction amount="3,000" deposit="13" id="1" type="withdraw"/>
    <transaction amount="3,000" deposit="13" id="2" type="deposit"/>
    <transaction amount="3,000" deposit="13" id="3" type="withdraw"/>
    <transaction amount="3,000" deposit="13" id="4" type="deposit"/>
    <transaction amount="3,000" deposit="13" id="5" type="withdraw"/>
    <transaction amount="3,000" deposit="13" id="6" type="deposit"/>
    <transaction amount="3,000" deposit="13" id="7" type="withdraw"/>
    <transaction amount="3,000" deposit="13" id="8" type="deposit"/>
    <transaction amount="3,000" deposit="13" id="9" type="withdraw"/>
    <transaction amount="3,000" deposit="13" id="10" type="deposit"/>
    <transaction amount="3,000" deposit="13" id="11" type="withdraw"/>
    <transaction amount="3,000" deposit="13" id="12" type="deposit"/>
    <transaction amount="3,000" deposit="13" id="13" type="withdraw"/>
    <transaction amount="3,000" deposit="13" id="14" type="deposit"/>
    <transaction amount="3,000" deposit="13" id="15" type="withdraw"/>
    <transaction amount="3,000" deposit="13" id="16" type="deposit"/>
    <transaction amount="3,000" deposit="13" id="17" type="withdraw"/>
    <transaction amount="3,000" deposit="13" id="0" type="deposit"/>
    <transaction amount="3,000" deposit="13" id="1" type="withdraw"/>
    <transaction amount="3,000" deposit="13" id="2" type="deposit"/>
    <transaction amount="3,000" deposit="13" id="3" type="withdraw"/>
    <transaction amount="3,000" deposit="13" id="4" type="deposit"/>
    <transaction amount="3,000" deposit="13" id="5" type="withdraw"/>
    <transaction amount="3,000" deposit="13" id="6" type="deposit"/>
    <transaction amount="3,000" deposit="13" id="7" type="withdraw"/>
    <transaction amount="3,000" deposit="13" id="8" type="deposit"/>
    <transaction amount="3,000" deposit="13" id="9" type="withdraw"/>
    <transaction amount="3,000" deposit="13" id="10" type="deposit"/>
    <transaction amount="3,000" deposit="13" id="11" type="withdraw"/>
    <transaction amount="3,000" deposit="13" id="12" type="deposit"/>
    <transaction amount="3,000" deposit="13" id="13" type="withdraw"/>
    <transaction amount="3,000" deposit="13" id="14" type="deposit"/>
    <transaction amount="3,000" deposit="13" id="15" type="withdraw"/>
    <transaction amount="3,000" deposit="13" id="16" type="deposit"/>
    <transaction amount="3,000" deposit="13" id="17" type="withdraw"/>
    <transaction amount="3,000" deposit="13" id="0" type="deposit"/>
    <transaction amount="3,000" deposit="13" id="1" type="withdraw"/>
    <transaction amount="3,000" deposit="13" id="2" type="deposit"/>
    <transaction amount="3,000" deposit="13" id="3" type="withdraw"/>
    <transaction amount="3,000" deposit="13" id="4" type="deposit"/>
    <transaction amount="3,000" deposit="13" id="5" type="withdraw"/>
    <transaction amount="3,000" deposit="13" id="6" type="deposit"/>
    <transaction amount="3,000" deposit="13" id="7" type="withdraw"/>
    <transaction amount="3,000" deposit="13" id="8" type="deposit"/>
    <transaction amount="3,000" deposit="13" id="9" type="withdraw"/>
    <transaction amount="3,000" deposit="13" id="10" type="deposit"/>
    <transaction amount="3,000" deposit="13" id="11" type="withdraw"/>
    <transaction amount="3,000" deposit="13" id="12" type="deposit"/>
    <transaction amount="3,000" deposit="13" id="13" type="withdraw"/>
    <transaction amount="3,000" deposit="13" id="14" type="deposit"/>
    <transaction amount="3,000" deposit="13" id="15" type="withdraw"/>
    <transaction amount="3,000" deposit="13" id="16" type="deposit"/>
    <transaction amount="3,000" deposit="13" id="17" type="withdraw"/>




  </transactions>




</terminal>