<?xml version="1.0" encoding="UTF-8"?>
<project name="customer-management-final-v1" default="all">
  
  
  <property file="customer-management-final-v1.properties"/>
  <!-- Uncomment the following property if no tests compilation is needed -->
  <!-- 
  <property name="skip.tests" value="true"/>
   -->
  
  <!-- Compiler options -->
  
  <property name="compiler.debug" value="on"/>
  <property name="compiler.generate.no.warnings" value="off"/>
  <property name="compiler.args" value=""/>
  <property name="compiler.max.memory" value="700m"/>
  <patternset id="ignored.files">
    <exclude name="**/*.hprof/**"/>
    <exclude name="**/*.pyc/**"/>
    <exclude name="**/*.pyo/**"/>
    <exclude name="**/*.rbc/**"/>
    <exclude name="**/*~/**"/>
    <exclude name="**/.DS_Store/**"/>
    <exclude name="**/.bundle/**"/>
    <exclude name="**/.git/**"/>
    <exclude name="**/.hg/**"/>
    <exclude name="**/.svn/**"/>
    <exclude name="**/CVS/**"/>
    <exclude name="**/RCS/**"/>
    <exclude name="**/SCCS/**"/>
    <exclude name="**/__pycache__/**"/>
    <exclude name="**/_svn/**"/>
    <exclude name="**/rcs/**"/>
    <exclude name="**/vssver.scc/**"/>
    <exclude name="**/vssver2.scc/**"/>
  </patternset>
  <patternset id="library.patterns">
    <include name="*.war"/>
    <include name="*.ear"/>
    <include name="*.apk"/>
    <include name="*.zip"/>
    <include name="*.swc"/>
    <include name="*.ane"/>
    <include name="*.egg"/>
    <include name="*.jar"/>
  </patternset>
  <patternset id="compiler.resources">
    <exclude name="**/?*.java"/>
    <exclude name="**/?*.form"/>
    <exclude name="**/?*.class"/>
    <exclude name="**/?*.groovy"/>
    <exclude name="**/?*.scala"/>
    <exclude name="**/?*.flex"/>
    <exclude name="**/?*.kt"/>
    <exclude name="**/?*.clj"/>
    <exclude name="**/?*.aj"/>
  </patternset>
  
  <!-- JDK definitions -->
  
  <property name="jdk.bin.1.8" value="${jdk.home.1.8}/bin"/>
  <path id="jdk.classpath.1.8">
    <fileset dir="${jdk.home.1.8}">
      <include name="jre/lib/charsets.jar"/>
      <include name="jre/lib/deploy.jar"/>
      <include name="jre/lib/javaws.jar"/>
      <include name="jre/lib/jce.jar"/>
      <include name="jre/lib/jfr.jar"/>
      <include name="jre/lib/jfxswt.jar"/>
      <include name="jre/lib/jsse.jar"/>
      <include name="jre/lib/management-agent.jar"/>
      <include name="jre/lib/plugin.jar"/>
      <include name="jre/lib/resources.jar"/>
      <include name="jre/lib/rt.jar"/>
      <include name="jre/lib/ext/access-bridge-64.jar"/>
      <include name="jre/lib/ext/cldrdata.jar"/>
      <include name="jre/lib/ext/dnsns.jar"/>
      <include name="jre/lib/ext/jaccess.jar"/>
      <include name="jre/lib/ext/jfxrt.jar"/>
      <include name="jre/lib/ext/localedata.jar"/>
      <include name="jre/lib/ext/nashorn.jar"/>
      <include name="jre/lib/ext/sunec.jar"/>
      <include name="jre/lib/ext/sunjce_provider.jar"/>
      <include name="jre/lib/ext/sunmscapi.jar"/>
      <include name="jre/lib/ext/sunpkcs11.jar"/>
      <include name="jre/lib/ext/zipfs.jar"/>
    </fileset>
  </path>
  
  <property name="project.jdk.home" value="${jdk.home.1.8}"/>
  <property name="project.jdk.bin" value="${jdk.bin.1.8}"/>
  <property name="project.jdk.classpath" value="jdk.classpath.1.8"/>
  
  
  <!-- Project Libraries -->
  
  <path id="library.maven:_antlr:antlr:2.7.7.classpath">
    <pathelement location="${path.variable.maven_repository}/antlr/antlr/2.7.7/antlr-2.7.7.jar"/>
  </path>
  
  <path id="library.maven:_com.fasterxml:classmate:1.3.4.classpath">
    <pathelement location="${path.variable.maven_repository}/com/fasterxml/classmate/1.3.4/classmate-1.3.4.jar"/>
  </path>
  
  <path id="library.maven:_com.sun.istack:istack-commons-runtime:3.0.7.classpath">
    <pathelement location="${path.variable.maven_repository}/com/sun/istack/istack-commons-runtime/3.0.7/istack-commons-runtime-3.0.7.jar"/>
  </path>
  
  <path id="library.maven:_com.sun.xml.fastinfoset:fastinfoset:1.2.15.classpath">
    <pathelement location="${path.variable.maven_repository}/com/sun/xml/fastinfoset/FastInfoset/1.2.15/FastInfoset-1.2.15.jar"/>
  </path>
  
  <path id="library.maven:_javax.activation:javax.activation-api:1.2.0.classpath">
    <pathelement location="${path.variable.maven_repository}/javax/activation/javax.activation-api/1.2.0/javax.activation-api-1.2.0.jar"/>
  </path>
  
  <path id="library.maven:_javax.persistence:javax.persistence-api:2.2.classpath">
    <pathelement location="${path.variable.maven_repository}/javax/persistence/javax.persistence-api/2.2/javax.persistence-api-2.2.jar"/>
  </path>
  
  <path id="library.maven:_javax.servlet:javax.servlet-api:3.0.1.classpath">
    <pathelement location="${path.variable.maven_repository}/javax/servlet/javax.servlet-api/3.0.1/javax.servlet-api-3.0.1.jar"/>
  </path>
  
  <path id="library.maven:_javax.xml.bind:jaxb-api:2.3.1.classpath">
    <pathelement location="${path.variable.maven_repository}/javax/xml/bind/jaxb-api/2.3.1/jaxb-api-2.3.1.jar"/>
  </path>
  
  <path id="library.maven:_junit:junit:4.11.classpath">
    <pathelement location="${path.variable.maven_repository}/junit/junit/4.11/junit-4.11.jar"/>
  </path>
  
  <path id="library.maven:_mysql:mysql-connector-java:6.0.6.classpath">
    <pathelement location="${path.variable.maven_repository}/mysql/mysql-connector-java/6.0.6/mysql-connector-java-6.0.6.jar"/>
  </path>
  
  <path id="library.maven:_net.bytebuddy:byte-buddy:1.9.5.classpath">
    <pathelement location="${path.variable.maven_repository}/net/bytebuddy/byte-buddy/1.9.5/byte-buddy-1.9.5.jar"/>
  </path>
  
  <path id="library.maven:_org.dom4j:dom4j:2.1.1.classpath">
    <pathelement location="${path.variable.maven_repository}/org/dom4j/dom4j/2.1.1/dom4j-2.1.1.jar"/>
  </path>
  
  <path id="library.maven:_org.glassfish.jaxb:jaxb-runtime:2.3.1.classpath">
    <pathelement location="${path.variable.maven_repository}/org/glassfish/jaxb/jaxb-runtime/2.3.1/jaxb-runtime-2.3.1.jar"/>
  </path>
  
  <path id="library.maven:_org.glassfish.jaxb:txw2:2.3.1.classpath">
    <pathelement location="${path.variable.maven_repository}/org/glassfish/jaxb/txw2/2.3.1/txw2-2.3.1.jar"/>
  </path>
  
  <path id="library.maven:_org.hamcrest:hamcrest-core:1.3.classpath">
    <pathelement location="${path.variable.maven_repository}/org/hamcrest/hamcrest-core/1.3/hamcrest-core-1.3.jar"/>
  </path>
  
  <path id="library.maven:_org.hibernate.common:hibernate-commons-annotations:5.1.0.final.classpath">
    <pathelement location="${path.variable.maven_repository}/org/hibernate/common/hibernate-commons-annotations/5.1.0.Final/hibernate-commons-annotations-5.1.0.Final.jar"/>
  </path>
  
  <path id="library.maven:_org.hibernate:hibernate-core:5.4.0.final.classpath">
    <pathelement location="${path.variable.maven_repository}/org/hibernate/hibernate-core/5.4.0.Final/hibernate-core-5.4.0.Final.jar"/>
  </path>
  
  <path id="library.maven:_org.javassist:javassist:3.24.0-ga.classpath">
    <pathelement location="${path.variable.maven_repository}/org/javassist/javassist/3.24.0-GA/javassist-3.24.0-GA.jar"/>
  </path>
  
  <path id="library.maven:_org.jboss.logging:jboss-logging:3.3.2.final.classpath">
    <pathelement location="${path.variable.maven_repository}/org/jboss/logging/jboss-logging/3.3.2.Final/jboss-logging-3.3.2.Final.jar"/>
  </path>
  
  <path id="library.maven:_org.jboss.spec.javax.transaction:jboss-transaction-api_1.2_spec:1.1.1.final.classpath">
    <pathelement location="${path.variable.maven_repository}/org/jboss/spec/javax/transaction/jboss-transaction-api_1.2_spec/1.1.1.Final/jboss-transaction-api_1.2_spec-1.1.1.Final.jar"/>
  </path>
  
  <path id="library.maven:_org.jboss:jandex:2.0.5.final.classpath">
    <pathelement location="${path.variable.maven_repository}/org/jboss/jandex/2.0.5.Final/jandex-2.0.5.Final.jar"/>
  </path>
  
  <path id="library.maven:_org.json:json:20190722.classpath">
    <pathelement location="${path.variable.maven_repository}/org/json/json/20190722/json-20190722.jar"/>
  </path>
  
  <path id="library.maven:_org.jvnet.staxex:stax-ex:1.8.classpath">
    <pathelement location="${path.variable.maven_repository}/org/jvnet/staxex/stax-ex/1.8/stax-ex-1.8.jar"/>
  </path>
  
  
  <!-- Application Server Libraries -->
  <!-- Register Custom Compiler Taskdefs -->
  <property name="javac2.home" value="${idea.home}/lib"/>
  <path id="javac2.classpath">
    <pathelement location="${javac2.home}/javac2.jar"/>
    <pathelement location="${javac2.home}/jdom.jar"/>
    <pathelement location="${javac2.home}/asm-all.jar"/>
    <pathelement location="${javac2.home}/jgoodies-forms.jar"/>
  </path>
  <target name="register.custom.compilers">
    <taskdef name="javac2" classname="com.intellij.ant.Javac2" classpathref="javac2.classpath"/>
    <taskdef name="instrumentIdeaExtensions" classname="com.intellij.ant.InstrumentIdeaExtensions" classpathref="javac2.classpath"/>
  </target>
  
  <!-- Modules -->
  
  <import file="${basedir}/module_customer-management-final-v1.xml"/>
  
  <target name="init" description="Build initialization">
    <!-- Perform any build initialization in this target -->
  </target>
  
  <target name="clean" depends="clean.module.customer-management-final-v1, clean.artifact.customer-management-final-v1:war_exploded" description="cleanup all"/>
  
  <target name="build.modules" depends="init, clean, compile.module.customer-management-final-v1" description="build all modules"/>
  
  <target name="init.artifacts">
    <property name="artifacts.temp.dir" value="${basedir}/__artifacts_temp"/>
    <property name="artifact.output.customer-management-final-v1:war" value="${basedir}/target"/>
    <property name="artifact.output.customer-management-final-v1:war_exploded" value="${basedir}/target/Customer-management-Final-V1"/>
    <mkdir dir="${artifacts.temp.dir}"/>
    <property name="temp.jar.path.Customer-management-Final-V1.war" value="${artifacts.temp.dir}/Customer-management-Final-V1.war"/>
  </target>
  
  <target name="clean.artifact.customer-management-final-v1:war_exploded" description="clean Customer-management-Final-V1:war exploded artifact output">
    <delete dir="${artifact.output.customer-management-final-v1:war_exploded}"/>
  </target>
  
  <target name="artifact.customer-management-final-v1:war" depends="init.artifacts, artifact.customer-management-final-v1:war_exploded" description="Build &#39;Customer-management-Final-V1:war&#39; artifact">
    <property name="artifact.temp.output.customer-management-final-v1:war" value="${artifacts.temp.dir}/Customer_management_Final_V1_war"/>
    <mkdir dir="${artifact.temp.output.customer-management-final-v1:war}"/>
    <zip destfile="${temp.jar.path.Customer-management-Final-V1.war}">
      <zipfileset dir="${artifact.output.customer-management-final-v1:war_exploded}"/>
    </zip>
    <copy file="${temp.jar.path.Customer-management-Final-V1.war}" tofile="${artifact.temp.output.customer-management-final-v1:war}/Customer-management-Final-V1.war"/>
  </target>
  
  <target name="artifact.customer-management-final-v1:war_exploded" depends="init.artifacts, compile.module.customer-management-final-v1" description="Build &#39;Customer-management-Final-V1:war exploded&#39; artifact">
    <mkdir dir="${artifact.output.customer-management-final-v1:war_exploded}"/>
    <mkdir dir="${artifact.output.customer-management-final-v1:war_exploded}/WEB-INF"/>
    <mkdir dir="${artifact.output.customer-management-final-v1:war_exploded}/WEB-INF/classes"/>
    <copy todir="${artifact.output.customer-management-final-v1:war_exploded}/WEB-INF/classes">
      <fileset dir="${customer-management-final-v1.output.dir}"/>
    </copy>
    <mkdir dir="${artifact.output.customer-management-final-v1:war_exploded}/WEB-INF/lib"/>
    <copy file="${path.variable.maven_repository}/org/json/json/20190722/json-20190722.jar" tofile="${artifact.output.customer-management-final-v1:war_exploded}/WEB-INF/lib/json-20190722.jar"/>
    <copy file="${path.variable.maven_repository}/org/hibernate/hibernate-core/5.4.0.Final/hibernate-core-5.4.0.Final.jar" tofile="${artifact.output.customer-management-final-v1:war_exploded}/WEB-INF/lib/hibernate-core-5.4.0.Final.jar"/>
    <copy file="${path.variable.maven_repository}/org/jboss/logging/jboss-logging/3.3.2.Final/jboss-logging-3.3.2.Final.jar" tofile="${artifact.output.customer-management-final-v1:war_exploded}/WEB-INF/lib/jboss-logging-3.3.2.Final.jar"/>
    <copy file="${path.variable.maven_repository}/javax/persistence/javax.persistence-api/2.2/javax.persistence-api-2.2.jar" tofile="${artifact.output.customer-management-final-v1:war_exploded}/WEB-INF/lib/javax.persistence-api-2.2.jar"/>
    <copy file="${path.variable.maven_repository}/org/javassist/javassist/3.24.0-GA/javassist-3.24.0-GA.jar" tofile="${artifact.output.customer-management-final-v1:war_exploded}/WEB-INF/lib/javassist-3.24.0-GA.jar"/>
    <copy file="${path.variable.maven_repository}/net/bytebuddy/byte-buddy/1.9.5/byte-buddy-1.9.5.jar" tofile="${artifact.output.customer-management-final-v1:war_exploded}/WEB-INF/lib/byte-buddy-1.9.5.jar"/>
    <copy file="${path.variable.maven_repository}/antlr/antlr/2.7.7/antlr-2.7.7.jar" tofile="${artifact.output.customer-management-final-v1:war_exploded}/WEB-INF/lib/antlr-2.7.7.jar"/>
    <copy file="${path.variable.maven_repository}/org/jboss/spec/javax/transaction/jboss-transaction-api_1.2_spec/1.1.1.Final/jboss-transaction-api_1.2_spec-1.1.1.Final.jar" tofile="${artifact.output.customer-management-final-v1:war_exploded}/WEB-INF/lib/jboss-transaction-api_1.2_spec-1.1.1.Final.jar"/>
    <copy file="${path.variable.maven_repository}/org/jboss/jandex/2.0.5.Final/jandex-2.0.5.Final.jar" tofile="${artifact.output.customer-management-final-v1:war_exploded}/WEB-INF/lib/jandex-2.0.5.Final.jar"/>
    <copy file="${path.variable.maven_repository}/com/fasterxml/classmate/1.3.4/classmate-1.3.4.jar" tofile="${artifact.output.customer-management-final-v1:war_exploded}/WEB-INF/lib/classmate-1.3.4.jar"/>
    <copy file="${path.variable.maven_repository}/javax/activation/javax.activation-api/1.2.0/javax.activation-api-1.2.0.jar" tofile="${artifact.output.customer-management-final-v1:war_exploded}/WEB-INF/lib/javax.activation-api-1.2.0.jar"/>
    <copy file="${path.variable.maven_repository}/org/dom4j/dom4j/2.1.1/dom4j-2.1.1.jar" tofile="${artifact.output.customer-management-final-v1:war_exploded}/WEB-INF/lib/dom4j-2.1.1.jar"/>
    <copy file="${path.variable.maven_repository}/org/hibernate/common/hibernate-commons-annotations/5.1.0.Final/hibernate-commons-annotations-5.1.0.Final.jar" tofile="${artifact.output.customer-management-final-v1:war_exploded}/WEB-INF/lib/hibernate-commons-annotations-5.1.0.Final.jar"/>
    <copy file="${path.variable.maven_repository}/javax/xml/bind/jaxb-api/2.3.1/jaxb-api-2.3.1.jar" tofile="${artifact.output.customer-management-final-v1:war_exploded}/WEB-INF/lib/jaxb-api-2.3.1.jar"/>
    <copy file="${path.variable.maven_repository}/org/glassfish/jaxb/jaxb-runtime/2.3.1/jaxb-runtime-2.3.1.jar" tofile="${artifact.output.customer-management-final-v1:war_exploded}/WEB-INF/lib/jaxb-runtime-2.3.1.jar"/>
    <copy file="${path.variable.maven_repository}/org/glassfish/jaxb/txw2/2.3.1/txw2-2.3.1.jar" tofile="${artifact.output.customer-management-final-v1:war_exploded}/WEB-INF/lib/txw2-2.3.1.jar"/>
    <copy file="${path.variable.maven_repository}/com/sun/istack/istack-commons-runtime/3.0.7/istack-commons-runtime-3.0.7.jar" tofile="${artifact.output.customer-management-final-v1:war_exploded}/WEB-INF/lib/istack-commons-runtime-3.0.7.jar"/>
    <copy file="${path.variable.maven_repository}/org/jvnet/staxex/stax-ex/1.8/stax-ex-1.8.jar" tofile="${artifact.output.customer-management-final-v1:war_exploded}/WEB-INF/lib/stax-ex-1.8.jar"/>
    <copy file="${path.variable.maven_repository}/com/sun/xml/fastinfoset/FastInfoset/1.2.15/FastInfoset-1.2.15.jar" tofile="${artifact.output.customer-management-final-v1:war_exploded}/WEB-INF/lib/FastInfoset-1.2.15.jar"/>
    <copy file="${path.variable.maven_repository}/mysql/mysql-connector-java/6.0.6/mysql-connector-java-6.0.6.jar" tofile="${artifact.output.customer-management-final-v1:war_exploded}/WEB-INF/lib/mysql-connector-java-6.0.6.jar"/>
    <mkdir dir="${artifact.output.customer-management-final-v1:war_exploded}/META-INF"/>
    <copy file="${basedir}/target/Customer-management-Final-V1/META-INF/MANIFEST.MF" tofile="${artifact.output.customer-management-final-v1:war_exploded}/META-INF/MANIFEST.MF"/>
    <copy todir="${artifact.output.customer-management-final-v1:war_exploded}">
      <fileset dir="${basedir}/src/main/webapp"/>
    </copy>
    <mkdir dir="${artifact.output.customer-management-final-v1:war_exploded}/WEB-INF"/>
    <copy file="${basedir}/src/main/webapp/WEB-INF/web.xml" tofile="${artifact.output.customer-management-final-v1:war_exploded}/WEB-INF/web.xml"/>
  </target>
  
  <target name="build.all.artifacts" depends="artifact.customer-management-final-v1:war, artifact.customer-management-final-v1:war_exploded" description="Build all artifacts">
    <mkdir dir="${artifact.output.customer-management-final-v1:war}"/>
    <copy todir="${artifact.output.customer-management-final-v1:war}">
      <fileset dir="${artifact.temp.output.customer-management-final-v1:war}"/>
    </copy>
    
    <!-- Delete temporary files -->
    <delete dir="${artifacts.temp.dir}"/>
  </target>
  
  <target name="all" depends="build.modules, build.all.artifacts" description="build all"/>
</project>