<?xml version="1.0" encoding="UTF-8"?>
<project name="module_customer-management-final-v1" default="compile.module.customer-management-final-v1">
  <dirname property="module.customer-management-final-v1.basedir" file="${ant.file.module_customer-management-final-v1}"/>
  
  <property name="module.jdk.home.customer-management-final-v1" value="${project.jdk.home}"/>
  <property name="module.jdk.bin.customer-management-final-v1" value="${project.jdk.bin}"/>
  <property name="module.jdk.classpath.customer-management-final-v1" value="${project.jdk.classpath}"/>
  
  <property name="compiler.args.customer-management-final-v1" value="-encoding UTF-8 -source 1.7 -target 1.7 ${compiler.args}"/>
  
  <property name="customer-management-final-v1.output.dir" value="${module.customer-management-final-v1.basedir}/target/classes"/>
  <property name="customer-management-final-v1.testoutput.dir" value="${module.customer-management-final-v1.basedir}/target/test-classes"/>
  
  <path id="customer-management-final-v1.module.bootclasspath">
    <!-- Paths to be included in compilation bootclasspath -->
  </path>
  
  <path id="customer-management-final-v1.module.production.classpath">
    <path refid="${module.jdk.classpath.customer-management-final-v1}"/>
    <path refid="library.maven:_org.json:json:20190722.classpath"/>
    <path refid="library.maven:_javax.servlet:javax.servlet-api:3.0.1.classpath"/>
    <path refid="library.maven:_org.hibernate:hibernate-core:5.4.0.final.classpath"/>
    <path refid="library.maven:_org.jboss.logging:jboss-logging:3.3.2.final.classpath"/>
    <path refid="library.maven:_javax.persistence:javax.persistence-api:2.2.classpath"/>
    <path refid="library.maven:_org.javassist:javassist:3.24.0-ga.classpath"/>
    <path refid="library.maven:_net.bytebuddy:byte-buddy:1.9.5.classpath"/>
    <path refid="library.maven:_antlr:antlr:2.7.7.classpath"/>
    <path refid="library.maven:_org.jboss.spec.javax.transaction:jboss-transaction-api_1.2_spec:1.1.1.final.classpath"/>
    <path refid="library.maven:_org.jboss:jandex:2.0.5.final.classpath"/>
    <path refid="library.maven:_com.fasterxml:classmate:1.3.4.classpath"/>
    <path refid="library.maven:_javax.activation:javax.activation-api:1.2.0.classpath"/>
    <path refid="library.maven:_org.dom4j:dom4j:2.1.1.classpath"/>
    <path refid="library.maven:_org.hibernate.common:hibernate-commons-annotations:5.1.0.final.classpath"/>
    <path refid="library.maven:_javax.xml.bind:jaxb-api:2.3.1.classpath"/>
    <path refid="library.maven:_org.glassfish.jaxb:jaxb-runtime:2.3.1.classpath"/>
    <path refid="library.maven:_org.glassfish.jaxb:txw2:2.3.1.classpath"/>
    <path refid="library.maven:_com.sun.istack:istack-commons-runtime:3.0.7.classpath"/>
    <path refid="library.maven:_org.jvnet.staxex:stax-ex:1.8.classpath"/>
    <path refid="library.maven:_com.sun.xml.fastinfoset:fastinfoset:1.2.15.classpath"/>
    <path refid="library.maven:_mysql:mysql-connector-java:6.0.6.classpath"/>
  </path>
  
  <path id="customer-management-final-v1.runtime.production.module.classpath">
    <pathelement location="${customer-management-final-v1.output.dir}"/>
    <path refid="library.maven:_org.json:json:20190722.classpath"/>
    <path refid="library.maven:_org.hibernate:hibernate-core:5.4.0.final.classpath"/>
    <path refid="library.maven:_org.jboss.logging:jboss-logging:3.3.2.final.classpath"/>
    <path refid="library.maven:_javax.persistence:javax.persistence-api:2.2.classpath"/>
    <path refid="library.maven:_org.javassist:javassist:3.24.0-ga.classpath"/>
    <path refid="library.maven:_net.bytebuddy:byte-buddy:1.9.5.classpath"/>
    <path refid="library.maven:_antlr:antlr:2.7.7.classpath"/>
    <path refid="library.maven:_org.jboss.spec.javax.transaction:jboss-transaction-api_1.2_spec:1.1.1.final.classpath"/>
    <path refid="library.maven:_org.jboss:jandex:2.0.5.final.classpath"/>
    <path refid="library.maven:_com.fasterxml:classmate:1.3.4.classpath"/>
    <path refid="library.maven:_javax.activation:javax.activation-api:1.2.0.classpath"/>
    <path refid="library.maven:_org.dom4j:dom4j:2.1.1.classpath"/>
    <path refid="library.maven:_org.hibernate.common:hibernate-commons-annotations:5.1.0.final.classpath"/>
    <path refid="library.maven:_javax.xml.bind:jaxb-api:2.3.1.classpath"/>
    <path refid="library.maven:_org.glassfish.jaxb:jaxb-runtime:2.3.1.classpath"/>
    <path refid="library.maven:_org.glassfish.jaxb:txw2:2.3.1.classpath"/>
    <path refid="library.maven:_com.sun.istack:istack-commons-runtime:3.0.7.classpath"/>
    <path refid="library.maven:_org.jvnet.staxex:stax-ex:1.8.classpath"/>
    <path refid="library.maven:_com.sun.xml.fastinfoset:fastinfoset:1.2.15.classpath"/>
    <path refid="library.maven:_mysql:mysql-connector-java:6.0.6.classpath"/>
  </path>
  
  <path id="customer-management-final-v1.module.classpath">
    <path refid="${module.jdk.classpath.customer-management-final-v1}"/>
    <pathelement location="${customer-management-final-v1.output.dir}"/>
    <path refid="library.maven:_junit:junit:4.11.classpath"/>
    <path refid="library.maven:_org.hamcrest:hamcrest-core:1.3.classpath"/>
    <path refid="library.maven:_org.json:json:20190722.classpath"/>
    <path refid="library.maven:_javax.servlet:javax.servlet-api:3.0.1.classpath"/>
    <path refid="library.maven:_org.hibernate:hibernate-core:5.4.0.final.classpath"/>
    <path refid="library.maven:_org.jboss.logging:jboss-logging:3.3.2.final.classpath"/>
    <path refid="library.maven:_javax.persistence:javax.persistence-api:2.2.classpath"/>
    <path refid="library.maven:_org.javassist:javassist:3.24.0-ga.classpath"/>
    <path refid="library.maven:_net.bytebuddy:byte-buddy:1.9.5.classpath"/>
    <path refid="library.maven:_antlr:antlr:2.7.7.classpath"/>
    <path refid="library.maven:_org.jboss.spec.javax.transaction:jboss-transaction-api_1.2_spec:1.1.1.final.classpath"/>
    <path refid="library.maven:_org.jboss:jandex:2.0.5.final.classpath"/>
    <path refid="library.maven:_com.fasterxml:classmate:1.3.4.classpath"/>
    <path refid="library.maven:_javax.activation:javax.activation-api:1.2.0.classpath"/>
    <path refid="library.maven:_org.dom4j:dom4j:2.1.1.classpath"/>
    <path refid="library.maven:_org.hibernate.common:hibernate-commons-annotations:5.1.0.final.classpath"/>
    <path refid="library.maven:_javax.xml.bind:jaxb-api:2.3.1.classpath"/>
    <path refid="library.maven:_org.glassfish.jaxb:jaxb-runtime:2.3.1.classpath"/>
    <path refid="library.maven:_org.glassfish.jaxb:txw2:2.3.1.classpath"/>
    <path refid="library.maven:_com.sun.istack:istack-commons-runtime:3.0.7.classpath"/>
    <path refid="library.maven:_org.jvnet.staxex:stax-ex:1.8.classpath"/>
    <path refid="library.maven:_com.sun.xml.fastinfoset:fastinfoset:1.2.15.classpath"/>
    <path refid="library.maven:_mysql:mysql-connector-java:6.0.6.classpath"/>
  </path>
  
  <path id="customer-management-final-v1.runtime.module.classpath">
    <pathelement location="${customer-management-final-v1.testoutput.dir}"/>
    <pathelement location="${customer-management-final-v1.output.dir}"/>
    <path refid="library.maven:_junit:junit:4.11.classpath"/>
    <path refid="library.maven:_org.hamcrest:hamcrest-core:1.3.classpath"/>
    <path refid="library.maven:_org.json:json:20190722.classpath"/>
    <path refid="library.maven:_javax.servlet:javax.servlet-api:3.0.1.classpath"/>
    <path refid="library.maven:_org.hibernate:hibernate-core:5.4.0.final.classpath"/>
    <path refid="library.maven:_org.jboss.logging:jboss-logging:3.3.2.final.classpath"/>
    <path refid="library.maven:_javax.persistence:javax.persistence-api:2.2.classpath"/>
    <path refid="library.maven:_org.javassist:javassist:3.24.0-ga.classpath"/>
    <path refid="library.maven:_net.bytebuddy:byte-buddy:1.9.5.classpath"/>
    <path refid="library.maven:_antlr:antlr:2.7.7.classpath"/>
    <path refid="library.maven:_org.jboss.spec.javax.transaction:jboss-transaction-api_1.2_spec:1.1.1.final.classpath"/>
    <path refid="library.maven:_org.jboss:jandex:2.0.5.final.classpath"/>
    <path refid="library.maven:_com.fasterxml:classmate:1.3.4.classpath"/>
    <path refid="library.maven:_javax.activation:javax.activation-api:1.2.0.classpath"/>
    <path refid="library.maven:_org.dom4j:dom4j:2.1.1.classpath"/>
    <path refid="library.maven:_org.hibernate.common:hibernate-commons-annotations:5.1.0.final.classpath"/>
    <path refid="library.maven:_javax.xml.bind:jaxb-api:2.3.1.classpath"/>
    <path refid="library.maven:_org.glassfish.jaxb:jaxb-runtime:2.3.1.classpath"/>
    <path refid="library.maven:_org.glassfish.jaxb:txw2:2.3.1.classpath"/>
    <path refid="library.maven:_com.sun.istack:istack-commons-runtime:3.0.7.classpath"/>
    <path refid="library.maven:_org.jvnet.staxex:stax-ex:1.8.classpath"/>
    <path refid="library.maven:_com.sun.xml.fastinfoset:fastinfoset:1.2.15.classpath"/>
    <path refid="library.maven:_mysql:mysql-connector-java:6.0.6.classpath"/>
  </path>
  
  
  <patternset id="excluded.from.module.customer-management-final-v1">
    <patternset refid="ignored.files"/>
  </patternset>
  
  <patternset id="excluded.from.compilation.customer-management-final-v1">
    <patternset refid="excluded.from.module.customer-management-final-v1"/>
  </patternset>
  
  <path id="customer-management-final-v1.module.sourcepath">
    <dirset dir="${module.customer-management-final-v1.basedir}">
      <include name="src/main/java"/>
      <include name="src/main/resources"/>
    </dirset>
  </path>
  
  
  <target name="compile.module.customer-management-final-v1" depends="compile.module.customer-management-final-v1.production,compile.module.customer-management-final-v1.tests" description="Compile module Customer-management-Final-V1"/>
  
  <target name="compile.module.customer-management-final-v1.production" depends="register.custom.compilers" description="Compile module Customer-management-Final-V1; production classes">
    <mkdir dir="${customer-management-final-v1.output.dir}"/>
    <javac2 destdir="${customer-management-final-v1.output.dir}" debug="${compiler.debug}" nowarn="${compiler.generate.no.warnings}" memorymaximumsize="${compiler.max.memory}" fork="true" executable="${module.jdk.bin.customer-management-final-v1}/javac">
      <compilerarg line="${compiler.args.customer-management-final-v1}"/>
      <bootclasspath refid="customer-management-final-v1.module.bootclasspath"/>
      <classpath refid="customer-management-final-v1.module.production.classpath"/>
      <src refid="customer-management-final-v1.module.sourcepath"/>
      <patternset refid="excluded.from.compilation.customer-management-final-v1"/>
    </javac2>
    
    <copy todir="${customer-management-final-v1.output.dir}">
      <fileset dir="${module.customer-management-final-v1.basedir}/src/main/java">
        <patternset refid="compiler.resources"/>
        <type type="file"/>
      </fileset>
      <fileset dir="${module.customer-management-final-v1.basedir}/src/main/resources">
        <patternset refid="compiler.resources"/>
        <type type="file"/>
      </fileset>
    </copy>
  </target>
  
  <target name="compile.module.customer-management-final-v1.tests" depends="register.custom.compilers,compile.module.customer-management-final-v1.production" description="compile module Customer-management-Final-V1; test classes" unless="skip.tests"/>
  
  <target name="clean.module.customer-management-final-v1" description="cleanup module">
    <delete dir="${customer-management-final-v1.output.dir}"/>
    <delete dir="${customer-management-final-v1.testoutput.dir}"/>
  </target>
</project>